{"cameraMode":{"drawMode":0,"name":"Shaded","section":"Shading Mode"},"sceneLighting":true,"audioPlay":false,"sceneViewState":{"showFog":true,"showMaterialUpdate":false,"showSkybox":true,"showFlares":true,"showImageEffects":true,"showParticleSystems":true},"in2DMode":false,"pivot":{"x":0.3129243850708008,"y":-0.1338617205619812,"z":3.5401289463043215},"rotation":{"x":0.0374903567135334,"y":-0.0068932524882256989,"z":0.0002586257178336382,"w":0.9992733001708984},"size":2.0950205326080324,"orthographic":true}